fit_date,forecast_start,forecast_end,mu,omega,alpha[1],gamma[1],beta[1],nu
2012-01-03,2012-01-04,2012-02-02,0.15347867087984202,0.11998208720423134,0.24208976729512435,-0.1415192086111838,0.8750197339028685,7.620006655338991
2012-02-02,2012-02-03,2012-03-05,0.17967400801461794,0.12402891410641775,0.2318609090069942,-0.15986457788074446,0.8639802752072864,6.892944128174738
2012-03-05,2012-03-06,2012-04-03,0.19914678340729247,0.12125160126626414,0.2450623000393099,-0.1358970747873705,0.8704632059471687,7.203800138192834
2012-04-03,2012-04-04,2012-05-03,0.20050836559995586,0.14577218576048104,0.2318498232378361,-0.13778591985496225,0.8491736612249727,7.598697973298386
2012-05-03,2012-05-04,2012-06-04,0.1740112008292205,0.13173175734251386,0.18979995820940915,-0.14702370798630743,0.8614520213784651,7.861805240633708
2012-06-04,2012-06-05,2012-07-03,0.16563931076123056,0.14223500096754066,0.17741952261465851,-0.14719435816468424,0.8498821073567766,7.303150799268726
2012-07-03,2012-07-05,2012-08-02,0.17582246290398904,0.1435909496992578,0.18027404213076173,-0.15002519727744323,0.84205545916408,7.283413310028147
2012-08-02,2012-08-03,2012-08-31,0.17580691147717145,0.1404756406993656,0.1733665460285182,-0.1452992688538626,0.8487013642678,6.800645062437331
2012-08-31,2012-09-04,2012-10-02,0.1998891002080947,0.14306678593587585,0.20035457388328584,-0.1483357484148134,0.8404445973065103,7.24436260333757
2012-10-02,2012-10-03,2012-11-02,0.1770564720085894,0.14324663928323508,0.2080857920557601,-0.14489080690399606,0.842044271963452,7.237133187657039
2012-11-02,2012-11-05,2012-12-04,0.14418516792429192,0.1435333677284808,0.22832539139773042,-0.16115406798950296,0.8445195487416793,9.047640063404053
2012-12-04,2012-12-05,2013-01-04,0.13815103835949974,0.1057791128434078,0.1862360128278632,-0.14032683654475522,0.8945625021785909,7.788686572194301
2013-01-04,2013-01-07,2013-02-05,0.12333539306109392,0.19136252631678421,0.12276490314194625,-0.1835069394634634,0.8185330836151371,7.553102715637272
2013-02-05,2013-02-06,2013-03-07,0.10942784637771569,0.18243789563008272,0.07741039837282099,-0.16729301484282524,0.8419660534457444,5.556406580360755
2013-03-07,2013-03-08,2013-04-08,0.0779788528238731,0.18339482807898635,0.07418025664164578,-0.16018999987877341,0.8430562319435032,5.711099159932346
2013-04-08,2013-04-09,2013-05-07,0.08617691830142248,0.16262323054796765,0.05914217987376686,-0.1500818727232309,0.8615098800185593,5.80623716783494
2013-05-07,2013-05-08,2013-06-06,0.10759784582608461,0.16832326966505648,0.0380867562054032,-0.15325194601568048,0.8596700965101511,5.799638689363802
2013-06-06,2013-06-07,2013-07-08,0.10735232902586224,0.19112007751968946,0.028769737947889448,-0.16816580437028084,0.8394897158160922,5.9415955628962065
2013-07-08,2013-07-09,2013-08-06,0.09050751046392283,0.17826824539671426,0.04258263957261524,-0.15990704635593686,0.8506689221841442,5.603830667614384
2013-08-06,2013-08-07,2013-09-05,0.08407300101438903,0.15707124185318422,0.029405134473305707,-0.16606304322461538,0.8620936666844664,5.658930466884321
2013-09-05,2013-09-06,2013-10-04,0.09461864112981548,0.15844395240602036,0.018537318211031918,-0.1573939432505912,0.8609631236950719,5.202906178660867
2013-10-04,2013-10-07,2013-11-04,0.08868165398425458,0.16959779557502314,0.01989462468571172,-0.16350473310640196,0.8544235515174582,5.033142476649528
2013-11-04,2013-11-05,2013-12-04,0.10288683604912341,0.17759252321746066,0.019083371891415266,-0.18347045838693357,0.8387419614092685,5.4046308799131175
2013-12-04,2013-12-05,2014-01-06,0.12579677541462891,0.1382641104202828,0.039547853984535954,-0.15291310159142438,0.8750325402917003,5.050866211196827
2014-01-06,2014-01-07,2014-02-05,0.09281400794594422,0.15458305114331353,0.022681605429153776,-0.15735395304811575,0.8618879714478569,5.133609746617323
2014-02-05,2014-02-06,2014-03-07,0.07289327463612467,0.1362970281910334,0.01133466105194134,-0.13267663681410738,0.8777411874405007,5.086769364620613
2014-03-07,2014-03-10,2014-04-07,0.02775716415126101,0.10672082850998083,0.01011171305719869,-0.13971747145130184,0.901587267939146,4.990000855558447
2014-04-07,2014-04-08,2014-05-07,0.007072421593709372,0.07269650500022684,0.027777602258129884,-0.12217445904927889,0.9301676059091278,4.830013555333042
2014-05-07,2014-05-08,2014-06-06,0.03225351379729344,0.06117571196326802,0.027620398000664296,-0.10901116908002653,0.9412343054572112,4.512512288242085
2014-06-06,2014-06-09,2014-07-08,0.07273409670420895,0.053537378087804094,0.029790363576459016,-0.10971635165460246,0.944815301837492,4.7430901983199085
2014-07-08,2014-07-09,2014-08-06,0.06702934532182964,0.04195898923639379,0.039846772387452184,-0.09640164021281682,0.9570484973475315,4.633280242639774
2014-08-06,2014-08-07,2014-09-05,0.06256624143541752,0.046061557350076485,0.05309197935456958,-0.09255775900401826,0.953404239039641,4.718472087775228
2014-09-05,2014-09-08,2014-10-06,0.055255920365648525,0.007121602262453593,-0.08962340768354608,-0.10659300187458697,0.9832792515401864,5.84073918804966
2014-10-06,2014-10-07,2014-11-04,-1.848509902932262,-2.8501953640226363,-5.374899403941835,10.362002857565086,0.6413398359822432,3.3375897316652843
2014-11-04,2014-11-05,2014-12-04,0.07790023541256379,0.0021355344862315113,-0.07554785611660088,-0.056921806094221816,0.9884172906079753,4.924266508076646
2014-12-04,2014-12-05,2015-01-06,0.05809379218029783,0.003217844955350416,-0.06757515382752352,-0.03191298222437314,0.9875954638807851,4.989067288820456
2015-01-06,2015-01-07,2015-02-05,0.11158243527471845,0.026096278406060547,0.023663163197066458,-0.06594997226351139,0.9650984719332732,4.565609906092526
2015-02-05,2015-02-06,2015-03-09,0.12641163125384025,0.04096394381722321,0.06098193097212547,-0.0910270662434818,0.9482901452600839,5.004952563499737
2015-03-09,2015-03-10,2015-04-08,0.1483904238236508,0.04292895853652026,0.06646060209223564,-0.0814033169714127,0.9454867170433517,4.823149667697897
2015-04-08,2015-04-09,2015-05-07,0.1466338916602879,0.04232955215939396,0.06557361020094393,-0.08023008977651065,0.9437404215273985,5.029088624131573
2015-05-07,2015-05-08,2015-06-08,0.13773473097839276,0.1835427971233983,0.1530526201139491,-0.15977687775809307,0.7394424757322812,5.259096997703188
2015-06-08,2015-06-09,2015-07-08,0.13958308463509467,0.09194447033296155,0.08826221525766263,-0.11335145456069855,0.8720756806770017,5.032386439200363
2015-07-08,2015-07-09,2015-08-06,0.14551213074786068,0.22883312089645996,0.197445685267326,-0.15126049304613118,0.6604173403032395,5.06865685157609
2015-08-06,2015-08-07,2015-09-04,0.12613858265830513,0.35801272898706693,0.245516835257695,-0.1584562557380762,0.48013489581093194,5.1385325367662915
2015-09-04,2015-09-08,2015-10-06,0.10670119538979107,0.035910972873360834,0.0838069342009746,-0.08510975680408614,0.9561641456804274,4.945120045135536
2015-10-06,2015-10-07,2015-11-04,0.12118486137441029,0.03834520681777507,0.08951481549436559,-0.07580434066364734,0.9521950502609704,5.090499773293484
2015-11-04,2015-11-05,2015-12-04,0.10168015462464984,0.032128571020933104,0.07669598702092473,-0.07856228739001823,0.9632443584186128,4.954314547936021
2015-12-04,2015-12-07,2016-01-06,0.08761642454361022,0.032883574000102896,0.07292355160348135,-0.08468872790404662,0.9638429332526023,4.655477256489408
2016-01-06,2016-01-07,2016-02-05,0.08241588810734682,0.03366022055377413,0.0749614919909096,-0.08667470736807355,0.9624776856789256,4.855593308568583
2016-02-05,2016-02-08,2016-03-08,0.08630573819529841,0.01718481367304463,0.02178876297912598,-0.08374038145297359,0.9819034219812048,5.856756629423943
2016-03-08,2016-03-09,2016-04-07,0.08174814265732529,0.023013130342474236,0.023385152516146118,-0.0930599985579918,0.9750548597011625,5.364036650319457
2016-04-07,2016-04-08,2016-05-06,0.10122856520676426,0.027380032668688038,0.03560288965092305,-0.10864379753551744,0.9675024626677322,5.380230236970381
2016-05-06,2016-05-09,2016-06-07,0.0830484318758422,0.028315613101620243,0.02569666666543219,-0.09091972306750279,0.9671166534477135,6.295929060276531
2016-06-07,2016-06-08,2016-07-07,0.06277010469567901,0.03381629854206182,0.047512829850288436,-0.09084281674797563,0.9621651938849565,5.816412108550775
2016-07-07,2016-07-08,2016-08-05,0.05230380748906846,0.046269311329037915,0.06226891378143328,-0.09873820782707317,0.9492348849770001,5.60652907871215
2016-08-05,2016-08-08,2016-09-06,0.08886036965629066,0.060422923491292836,0.06621947840686004,-0.11623700168298981,0.9346391547618655,5.142248817820227
2016-09-06,2016-09-07,2016-10-05,0.04540026882664035,0.048793616132334565,0.0940893060963373,-0.11656616853629362,0.9471325399121056,5.483472583240986
2016-10-05,2016-10-06,2016-11-03,0.05043905310459194,0.0641992065905917,0.10956629612326617,-0.12740645269617237,0.9307273906695865,5.946026240073813
2016-11-03,2016-11-04,2016-12-05,0.028949363907759696,0.05714212957180766,0.12735206454627704,-0.11944569275599257,0.9415218327694687,5.338100490493447
2016-12-05,2016-12-06,2017-01-05,-0.0031088424635599436,0.03613724845645664,0.09671610709104236,-0.12025422253900085,0.9625429503800561,5.314764549957222
2017-01-05,2017-01-06,2017-02-06,0.03340530207042288,0.03522166609114331,0.15736757991036313,-0.12486938900096223,0.9614199257148132,4.97459997653037
2017-02-06,2017-02-07,2017-03-08,0.054191662138164204,0.04175758902708892,0.16639863982591496,-0.1421517604965955,0.9573402401661609,4.166019696385005
2017-03-08,2017-03-09,2017-04-06,0.07442987942234235,0.03766502507818012,0.15755957590694966,-0.15223235348118405,0.9576486581004181,4.130657365269073
2017-04-06,2017-04-07,2017-05-08,0.0759995317702738,0.041459375098479766,0.16439628019203134,-0.15816549519281645,0.9588771302338055,3.838546939616162
2017-05-08,2017-05-09,2017-06-07,0.08018591047579898,0.03143030784021804,0.1172153801493995,-0.1383882261548094,0.9671357112284689,3.778742528970602
2017-06-07,2017-06-08,2017-07-07,0.08715203346847887,0.03482608584995505,0.11239270110833291,-0.13947080222016175,0.9680102045399214,3.4683713479005216
2017-07-07,2017-07-10,2017-08-07,0.08575068200264527,0.027060704120271607,0.08864660040313407,-0.12502309861862473,0.9706083256603942,3.6025581892444145
2017-08-07,2017-08-08,2017-09-06,0.1007306991826674,0.030726190343089547,0.11188827138213504,-0.13042422457884525,0.9666013710143696,3.5367240646977276
2017-09-06,2017-09-07,2017-10-05,0.11120138049472005,0.034002012501842364,0.1407075494564496,-0.13049924886592706,0.9603694430492815,3.6333324043550177
2017-10-05,2017-10-06,2017-11-03,0.09863994865191716,0.04041705583697267,0.1514769414885157,-0.14203340808590684,0.9535430877491148,3.5779732768573242
2017-11-03,2017-11-06,2017-12-05,0.10081443813103241,0.05441759483363128,0.18339901849050527,-0.14667011959276055,0.9459548385541686,3.3339858564304383
2017-12-05,2017-12-06,2018-01-05,0.1025948413273601,0.04847948019020076,0.17682061681399724,-0.14279697460948731,0.9442082506749916,3.4756375974772613
2018-01-05,2018-01-08,2018-02-06,0.11857759937629739,0.04293029293540837,0.16054216427008844,-0.1219737616723567,0.9437652296613687,3.4262007826577343
2018-02-06,2018-02-07,2018-03-08,0.11101469466895429,0.08854362087756679,0.23924543869380308,-0.17256683322384678,0.8747509307102582,3.3486719512142478
2018-03-08,2018-03-09,2018-04-09,0.11266521884320521,0.07804746731589729,0.24171056414652425,-0.18004346964428183,0.890983782960596,3.409978813406485
2018-04-09,2018-04-10,2018-05-08,0.09836728354283047,0.06565985151967883,0.22242869954381442,-0.1864369479353433,0.9136220500731543,3.476023902864125
2018-05-08,2018-05-09,2018-06-07,0.11222129103024814,0.061072196370570576,0.22622523926398697,-0.19140792320266406,0.928700643618114,3.507136251671285
2018-06-07,2018-06-08,2018-07-09,0.1086301275588983,0.06462312885677322,0.2416159217557445,-0.20123707501443236,0.9238016620721239,3.4296253255012736
2018-07-09,2018-07-10,2018-08-07,0.10497675180447788,0.059260063737661905,0.2324990700071301,-0.19686861387512516,0.9285908535275978,3.5457365261622633
2018-08-07,2018-08-08,2018-09-06,0.09836058726538056,0.06343289040299657,0.22772666344317571,-0.18939930111129266,0.93304795816868,3.378722348757105
2018-09-06,2018-09-07,2018-10-05,0.1201417297345937,0.04518854776616526,0.18772839173581898,-0.15967557260661697,0.9333032936024104,3.745259495083474
2018-10-05,2018-10-08,2018-11-05,0.11994597155222855,0.05121603247662928,0.19021299527276844,-0.1660219227749751,0.9303723049409198,3.7760003441694328
2018-11-05,2018-11-06,2018-12-06,0.11880982728533836,0.05232713309605648,0.20748749563348665,-0.1665064375045908,0.9455800194920406,3.7662427907447276
2018-12-06,2018-12-07,2019-01-08,0.12719255426902729,0.03456950349778551,0.14247178761024196,-0.13649667310311764,0.9680602113640877,4.014916255145183
2019-01-08,2019-01-09,2019-02-07,0.10713412632865539,0.04572325602907649,0.14223215610511872,-0.1493338597477474,0.9662537638041764,3.5841912616616765
2019-02-07,2019-02-08,2019-03-11,0.10412471284343053,0.03575708783005,0.11933987206494165,-0.12611340832119206,0.9670146202772658,4.192946878066055
2019-03-11,2019-03-12,2019-04-09,0.08142312184357582,0.05528317684182805,0.15010683385689885,-0.1493104633881629,0.9503410283018678,3.8828362417290485
2019-04-09,2019-04-10,2019-05-09,0.11139678213886942,0.06487694636963302,0.1768719354629724,-0.13396891626546897,0.9414478049773574,3.924961127575886
2019-05-09,2019-05-10,2019-06-10,0.10251296182346106,0.07735461273909833,0.1932963349316686,-0.14898575764420627,0.9318373014711653,3.8911367164557773
2019-06-10,2019-06-11,2019-07-10,0.09783142680679785,0.07554045869774051,0.19708774630900647,-0.15211097449449704,0.9303131943093964,4.2404211174522315
2019-07-10,2019-07-11,2019-08-08,0.12067240877998489,0.07055905394013919,0.15934551199062183,-0.16867857293707286,0.9328997545732944,4.263299476016988
2019-08-08,2019-08-09,2019-09-09,0.09443314740885113,0.0686653280899428,0.15820581696096564,-0.1684152419647133,0.9332626098845026,4.66913847703758
2019-09-09,2019-09-10,2019-10-08,0.09285038981254806,0.06875401039988155,0.1386375590820363,-0.17320955862915022,0.934663908190335,4.716488512409307
2019-10-08,2019-10-09,2019-11-06,0.1133264051710935,0.06835379757488426,0.10861643840790125,-0.1815458538821782,0.9356899750092164,4.590274289380014
2019-11-06,2019-11-07,2019-12-06,0.1232463441107874,0.06390542600983129,0.09711407065234944,-0.18634524390595064,0.9362808645631162,4.734712155813312
2019-12-06,2019-12-09,2020-01-08,0.14328702761948034,0.06028221351409922,0.05427196618917001,-0.20344138001609643,0.935158351895159,4.888196678522452
2020-01-08,2020-01-09,2020-02-07,0.16924527286433824,0.05867535662844735,0.029626580938946035,-0.21315681235156206,0.9320987658322492,4.950167337754823
2020-02-07,2020-02-10,2020-03-10,0.19147038857800974,0.06813307996030195,0.08710177510161353,-0.18513850511936067,0.9275298933299222,5.115687215488322
2020-03-10,2020-03-11,2020-04-08,0.1768144237016248,0.07597624853808255,0.15305071296204298,-0.19537410302039848,0.9334114972660015,4.995710203189857
2020-04-08,2020-04-09,2020-05-08,0.19197419615046046,0.06858478536573025,0.20373805138640394,-0.18422061556858255,0.9486189241993912,4.93826097488992
2020-05-08,2020-05-11,2020-06-09,0.1860451038612125,0.058588521840337936,0.19520169642019172,-0.1621068745326943,0.9554336365114456,5.707799034212105
2020-06-09,2020-06-10,2020-07-09,0.20473240073279014,0.06543618780823834,0.18040643630632305,-0.17639895820586587,0.9486775984085798,5.603873383467283
2020-07-09,2020-07-10,2020-08-07,0.2484834287615192,0.0706044944870714,0.1965110625607585,-0.1590027830707306,0.9491869415109461,5.133186495649248
2020-08-07,2020-08-10,2020-09-08,0.26391332145071333,0.07811566664612213,0.22632403008494223,-0.13836780457920528,0.9491101525937586,5.0489179916061495
2020-09-08,2020-09-09,2020-10-07,0.2673916265569236,0.08439546614705576,0.2642311816924519,-0.12012812542330147,0.9520147095553234,4.78823350961385
2020-10-07,2020-10-08,2020-11-05,0.27529889796087115,0.07811368967719719,0.2495486912306211,-0.11517036174161734,0.9541730351380386,4.888391458096883
2020-11-05,2020-11-06,2020-12-07,0.2839389778566985,0.07905751900453988,0.2588491920044099,-0.11863540750612435,0.9541494600450372,4.93101480643929
2020-12-07,2020-12-08,2021-01-07,0.2884169024742265,0.08508034810461888,0.2646319110618354,-0.12739061627467707,0.9484831052631332,4.7238141077369
2021-01-07,2021-01-08,2021-02-08,0.2853345268988451,0.086578493599104,0.2804233702399816,-0.13716007795454724,0.9472805830886175,5.413230883565847
2021-02-08,2021-02-09,2021-03-10,0.2836756509998581,0.07851662113844901,0.26707393697861814,-0.1138829557165706,0.9530617902773193,5.610302621840003
2021-03-10,2021-03-11,2021-04-09,0.2702311174202356,0.0867875107602775,0.26372662198493313,-0.12564550804994437,0.946974513598444,6.030192480035674
2021-04-09,2021-04-12,2021-05-10,0.2614932831666388,0.0907196296172135,0.2559074602919324,-0.12768483021993846,0.9433080464029572,6.152344536583107
2021-05-10,2021-05-11,2021-06-09,0.2536233412161633,0.08029895540894082,0.24208285154113768,-0.1119425241310785,0.9485483420948705,6.514046776638651
2021-06-09,2021-06-10,2021-07-09,0.2448608068576953,0.07401609284937084,0.24636527418271,-0.1019094939494902,0.953354756943661,6.582362599247101
2021-07-09,2021-07-12,2021-08-09,0.2844477221924244,0.07260624181940904,0.25860435214904937,-0.09355804141957261,0.9529217869915978,6.799808323660862
2021-08-09,2021-08-10,2021-09-08,0.274618771563975,0.06466133492553883,0.25954575561956444,-0.08013868389149235,0.957211400893245,6.90806737830906
2021-09-08,2021-09-09,2021-10-07,0.27300211712027894,0.06344582728246567,0.26122995058759413,-0.0812381279336936,0.9578363682782202,7.228584097006129
2021-10-07,2021-10-08,2021-11-05,0.2603137487434124,0.0657897673878231,0.25259202008274295,-0.07479485370700731,0.9576514546369312,6.944851337427813
2021-11-05,2021-11-08,2021-12-07,0.2375833294012066,0.06583367019041546,0.2648407897678155,-0.06709655280115187,0.9580568379212164,6.82290551515475
2021-12-07,2021-12-08,2022-01-06,0.2392593043562898,0.0789930033255871,0.26945768561504263,-0.06518643983063559,0.9523153880708515,6.3437527159316645
2022-01-06,2022-01-07,2022-02-07,0.1953823183574867,0.08288810799391669,0.2727334544631588,-0.06816622151840884,0.9498375172768809,6.625943561157058
2022-02-07,2022-02-08,2022-03-09,0.1757827188230219,0.06374341489429641,0.22870186726359445,-0.05145900861466103,0.9618001344723653,6.020558428092179
2022-03-09,2022-03-10,2022-04-07,0.18374636654799448,0.051837970052856445,0.15161479800194075,-0.018374952670380463,0.9616118280727267,7.189827362956886
2022-04-07,2022-04-08,2022-05-09,0.19979631885930868,0.021553683622239663,0.09771581173443095,0.009379222345651696,0.9849107893331774,7.926411681188544
2022-05-09,2022-05-10,2022-06-08,0.16286384953601613,0.023841557409299646,0.10946911320948066,0.010375515190176552,0.986006967830424,7.547725414214057
2022-06-08,2022-06-09,2022-07-11,0.13290437050703516,0.026464312068622865,0.1209673529937847,-0.011685482304911265,0.983276361735158,8.110803452416638
2022-07-11,2022-07-12,2022-08-09,0.10671700582714934,0.021051066144499166,0.10662728083772685,-0.014217935321660904,0.9862751760270125,9.165439268753383
2022-08-09,2022-08-10,2022-09-08,0.10564151048531277,0.027292507257235452,0.10605619063463495,-0.03422348973027888,0.9783766175863695,13.599139699484581
2022-09-08,2022-09-09,2022-10-07,0.07325968911816265,0.0348596686768871,0.09493203354757454,-0.052857251180267066,0.9703399694021966,26.67295364235145
2022-10-07,2022-10-10,2022-11-07,0.06353915388252362,0.04416776100416493,0.09856178511375707,-0.063131785117167,0.9643165814836345,15.73125079016838
2022-11-07,2022-11-08,2022-12-07,0.06132068864931446,0.04431677826620143,0.11247275653908563,-0.05928101617320776,0.966088817768508,16.013801395069624
2022-12-07,2022-12-08,2023-01-09,0.046614525989368584,0.04279660587281212,0.10322360718113954,-0.07060832797627248,0.9670954781760893,15.093001469777732
2023-01-09,2023-01-10,2023-02-08,0.028773581213464752,0.041052948153944904,0.09775736873690787,-0.06646578212726531,0.968350313243426,14.823329642854311
2023-02-08,2023-02-09,2023-03-10,0.05377754628125947,0.04388795146642872,0.10725416832083745,-0.06525680958214178,0.9653730282087811,14.728225011517779
2023-03-10,2023-03-13,2023-04-11,0.07482898895958007,0.02971067084999155,0.0902994474099637,-0.05032741049988934,0.976079934804912,15.742748032873829
2023-04-11,2023-04-12,2023-05-10,0.06909845287493147,0.030721742704510963,0.09580923324299269,-0.05601386112026197,0.9746608206309352,14.703171726426506
2023-05-10,2023-05-11,2023-06-09,0.0866707080206413,0.03033187529042665,0.07730541103686622,-0.06724992078288301,0.9750716875368286,12.723705679577265
2023-06-09,2023-06-12,2023-07-12,0.10820971238738998,0.029448958806517146,0.09524751109565689,-0.06838521490377317,0.9751375393515583,12.112699227716076
2023-07-12,2023-07-13,2023-08-10,0.07056584822776332,0.025327680986134797,0.09653258273360897,-0.07694792356523358,0.9790972538295284,10.525125581763195
2023-08-10,2023-08-11,2023-09-11,0.05688450100149144,0.0283272349756652,0.08941857879478404,-0.08261022168056122,0.9781356274109381,8.640908403665497
2023-09-11,2023-09-12,2023-10-10,0.04788803168712292,0.02743653222952611,0.09250585687524618,-0.07474517723345571,0.9792748724258452,8.616676649013328
2023-10-10,2023-10-11,2023-11-08,0.07543747792623388,0.03206780190098029,0.11202451739738556,-0.07257255155898848,0.975053692595526,8.711791452276568
2023-11-08,2023-11-09,2023-12-08,0.05540154039003331,0.01512905203138868,0.07820509340368095,-0.07174255555222916,0.9865634918313441,9.492676848261992
2023-12-08,2023-12-11,2024-01-10,0.04134370327707221,0.00886578329784407,0.02784381276772659,-0.10161309377817743,0.9889569620459399,9.103827173104014
2024-01-10,2024-01-11,2024-02-09,0.023021127465751235,0.011841831154394352,0.032697881667334526,-0.10764683449468276,0.9877290038619764,8.078223842792255
2024-02-09,2024-02-12,2024-03-12,0.032228165041275014,0.0075104851726133315,0.028644548492469935,-0.0966739285256018,0.9904156345191797,8.566078267657618
2024-03-12,2024-03-13,2024-04-11,-0.06003408050141971,0.003315371971090385,-0.03665907404105351,-0.07009939945239103,0.9976949308367967,9.819942874384889
2024-04-11,2024-04-12,2024-05-10,-0.10713087623196124,0.015221832506259915,-0.06465449386934483,-0.0928416043555554,0.9875105514890254,8.211258172814802
2024-05-10,2024-05-13,2024-06-11,-6.009628901690593e-09,0.002414905671042018,-0.059815158536286155,-0.06411515727313238,0.9933861552543926,8.384928313537955
2024-06-11,2024-06-12,2024-07-12,-3.9277484358698853,-1.0845965329037488,-72.64934618242349,-726.42652230064,0.000775625836310941,2.05
2024-07-12,2024-07-15,2024-08-12,0.06705839256703047,0.011644583951739791,0.08175687224959181,-0.04918786034364078,0.990356772164201,5.47306982047106
2024-08-12,2024-08-13,2024-09-11,0.05041354359101884,0.01078526415673033,0.07138797648483744,-0.04467019676598872,0.9909749009336775,5.2472688298861945
2024-09-11,2024-09-12,2024-10-10,0.07417317500525097,0.007180026869047191,0.04639838402217806,-0.032723459479627265,0.9902258352346615,5.354812071251122
2024-10-10,2024-10-11,2024-11-08,0.0835310463175296,0.008591391762085926,0.04146948805765219,-0.02945357496075335,0.9885757010837546,5.125385848858101
2024-11-08,2024-11-11,2024-12-10,0.08707910381716831,0.010903465235966919,0.030450617993824366,-0.02622825950843345,0.9830807656375599,5.172779237124235
2024-12-10,2024-12-11,2025-01-13,0.14062063095613586,0.6587227327152747,0.23156645442750476,-0.07405300541588664,0.0,5.2158726217019895
2025-01-13,2025-01-14,2025-02-12,0.13573573282570914,0.5852413065818742,0.1837215771090233,-0.022388064938803062,4.261649135783411e-17,5.5259110796856685
2025-02-12,2025-02-13,2025-03-14,0.10997251760365627,0.6416692983643097,0.15731819941759853,-0.008512256928203628,0.0,4.895602298359479
2025-03-14,2025-03-17,2025-04-14,0.10007461039120943,0.03876231347025014,0.07263654844320865,-0.0577788364984982,0.9478018858533954,4.9050648214387875
2025-04-14,2025-04-15,2025-05-14,0.08565203488392824,0.06860427196773024,0.14742132377659847,-0.11629946831415067,0.9349534223838627,3.928193488265362
2025-05-14,2025-05-15,2025-06-13,0.09489572135780769,0.07161103307079651,0.1447468060378907,-0.10394617081967902,0.9332064232101168,3.903773675325481
2025-06-13,2025-06-16,2025-07-16,0.07617859331829296,0.08493915813130977,0.15295877615679768,-0.11394210439651865,0.9180050475737183,3.981106901663098
2025-07-16,2025-07-17,2025-08-14,0.08932095118289642,0.09332786859298386,0.15804500872267654,-0.11055945522950722,0.912479021003867,3.825573822583691
2025-08-14,2025-08-15,2025-09-15,0.10316368485929957,0.12014246648875145,0.20646791854811736,-0.1221292566667154,0.8912099172389146,3.828301634238466
2025-09-15,2025-09-16,2025-10-14,0.0902865381205374,0.11064781744082748,0.18786725679006033,-0.14590084532719413,0.8943193600030126,3.954019856895679
2025-10-14,2025-10-15,2025-11-12,0.09097538426576877,0.12364280519721825,0.18530044720514233,-0.1585999788116271,0.8935657086308942,3.6146525244097636
2025-11-12,2025-11-13,2025-12-12,0.09912105934246197,0.1314786238946648,0.19691393319228398,-0.17211563080357628,0.8908519899750348,3.4556935594218143
2025-12-12,2025-12-15,2026-01-14,0.08544872141942937,0.13187565897708503,0.19713162970789966,-0.15993391831779158,0.8929179679404468,3.4145141512235333
2026-01-14,2026-01-15,2026-02-13,0.08054704835685533,0.14879450002601294,0.24444596543321423,-0.1480505521600901,0.8812788268802696,3.392409212947704
2026-02-13,2026-02-17,2026-03-17,0.08044375847665701,0.13678299360674956,0.2098873561685935,-0.14326871055622975,0.9040986281835831,3.201060147095037
2026-03-17,2026-03-18,2026-04-16,0.10383207773301291,0.14397885368698263,0.21040879666596216,-0.1486485385864968,0.8958449927951617,3.199507261441874
2026-04-16,2026-04-17,2026-05-15,0.10340446311966763,0.144979985437282,0.2089127467643547,-0.16596620056640454,0.8889981816946793,3.295299272374809
2026-05-15,2026-05-18,2026-06-16,0.12867482006045652,0.15277500036473576,0.22656760874174067,-0.16717071861872093,0.8827718799967351,3.321419473638604
2026-06-16,2026-06-17,2026-07-17,0.10762449194979244,0.11728092182061811,0.17778138774542557,-0.1661155105106969,0.8941129653489772,3.8221331879309575
2026-07-17,2026-07-20,2026-08-10,0.10592482292230344,0.12732373570685737,0.16690891048776768,-0.2083199356027885,0.893369362763966,3.414456771207802
