Date,OptionID,UnderlyingTicker,Type,Strike,Expiry,Price,ImpliedVol
2019-01-02,AAPL_20190118_C150,AAPL,C,150,2019-01-18,9.15,0.29
2019-01-02,AAPL_20190118_C160,AAPL,C,160,2019-01-18,3.65,0.31
2019-01-02,AAPL_20190118_C170,AAPL,C,170,2019-01-18,1.05,0.34
2019-01-02,AAPL_20190215_C150,AAPL,C,150,2019-02-15,12.40,0.28
2019-01-02,AAPL_20190215_C160,AAPL,C,160,2019-02-15,7.20,0.30
2019-01-02,AAPL_20190215_C170,AAPL,C,170,2019-02-15,3.85,0.33
2019-01-02,AAPL_20190118_P150,AAPL,P,150,2019-01-18,3.80,0.34
2019-01-02,AAPL_20190118_P160,AAPL,P,160,2019-01-18,7.90,0.32
2019-01-02,AAPL_20190215_P150,AAPL,P,150,2019-02-15,6.10,0.33
2019-01-02,AAPL_20190215_P160,AAPL,P,160,2019-02-15,10.50,0.31
2019-01-03,AAPL_20190118_C150,AAPL,C,150,2019-01-18,3.90,0.32
2019-01-03,AAPL_20190118_C160,AAPL,C,160,2019-01-18,2.10,0.33
2019-01-03,AAPL_20190118_C170,AAPL,C,170,2019-01-18,0.55,0.36
2019-01-03,AAPL_20190215_C150,AAPL,C,150,2019-02-15,9.80,0.30
2019-01-03,AAPL_20190215_C160,AAPL,C,160,2019-02-15,5.60,0.32
2019-01-03,AAPL_20190215_C170,AAPL,C,170,2019-02-15,2.90,0.35
2019-01-03,AAPL_20190118_P150,AAPL,P,150,2019-01-18,5.95,0.36
2019-01-03,AAPL_20190118_P160,AAPL,P,160,2019-01-18,11.40,0.34
2019-01-03,AAPL_20190215_P150,AAPL,P,150,2019-02-15,7.65,0.35
2019-01-03,AAPL_20190215_P160,AAPL,P,160,2019-02-15,12.80,0.33
