Date,UnderlyingTicker,TenorDays,Moneyness,ImpliedVol
2019-01-02,AAPL,7,-0.10,0.36
2019-01-02,AAPL,7,0.00,0.31
2019-01-02,AAPL,7,0.10,0.29
2019-01-02,AAPL,30,-0.10,0.34
2019-01-02,AAPL,30,0.00,0.30
2019-01-02,AAPL,30,0.10,0.28
2019-01-02,AAPL,90,-0.10,0.33
2019-01-02,AAPL,90,0.00,0.29
2019-01-02,AAPL,90,0.10,0.27
2019-01-03,AAPL,7,-0.10,0.37
2019-01-03,AAPL,7,0.00,0.32
2019-01-03,AAPL,7,0.10,0.30
2019-01-03,AAPL,30,-0.10,0.35
2019-01-03,AAPL,30,0.00,0.31
2019-01-03,AAPL,30,0.10,0.29
2019-01-03,AAPL,90,-0.10,0.34
2019-01-03,AAPL,90,0.00,0.30
2019-01-03,AAPL,90,0.10,0.28
